Workbook

Sheet 報價單-JP (2)
G1: 見積書No.#LSHK-202603300002
G2: 電話番号: (852)26384130
A4: 住所:G/F No.163 Pan Chung,Tai Po,NT,HONGKONG
A5: メール:hsakon@lifesupporthk.com
A6: LIFESUPPORT(HK)LIMITED
A7: 見積書
A8: To：fujimak フィリッピン三浦様
A10: LFS-MainT カスタマイズ費
B12: サービス内容及び金額: | F12: Unit Price | G12: Quantity | H12: Total Price(HKD) | I12: Total Price(USD)
B13: 1)ソフトウェア (ソフトウェア内容別紙PPT参照) | H13: (HKD) | I13: (USD)
B14: 1) | C14: =工作表1!A8 -> MainT fujimak Ph ver 開発費(30日完了予定) | F14: =工作表1!B8 -> 20000 | G14: =工作表1!C8 -> 1 | H14: =工作表1!D8 -> 20000 | I14: =工作表1!E8 -> 2556
B16: 2)月毎経費
B17: 1) | C17: =工作表1!A11 -> メンテナンス料(1店舗=1アカウント) | F17: =工作表1!B11 -> 100 | G17: =工作表1!C11 -> 1 | H17: =工作表1!D11 -> 100 | I17: =工作表1!E11 -> 12.8
B19: 初期費用 Total | H19: =SUM(H13:H14) -> 20000 | I19: =SUM(I13:I14) -> 2556
B20: 月毎費用 Total | H20: =SUM(H17:H17) -> 100 | I20: =SUM(I17:I17) -> 12.8
B22: お支払い条件:
B23: 支払い貨幣
B24: ・HKドル or USドル
B25: 支払い条件
B26: ・委託料の支払いは、前払い90%とする。受託者は、委託料の全額入金確認後に業務を開始するものとする。
B27: ・設置完了検収確認後、残金10%3日以内に支払いを完済する事とする。
B28: 業務期間 各業務の標準的な所要期間は、以下のとおりとする。
B29: ・システム開発業務:30日とする(開発)
B30: ・デモ・トレーニング2日とする。
B31: 見積書有効期限
B32: ・上記見積書発行時期より14日とする。
B33: Company Information:
... B37: 会社名:LIFESUPPORT (HK) LIMITED 銀行名: DBS Bank (Hong Kong) Limited 銀行住所: G/F, The Center,99 Queen's Road Central, Central, Hong Kong SWIFT Code: DHBKHKHH 銀行番号: 016 (HKD) LIFESUPPORT (HK) LIMITED 002385349 （支店番号）478 (USD) LIFESUPPORT (HK) LIMITED 002385312 （支店番号）478
F40: LIFESUPPORT (HK) LIMITED

Sheet 工作表1
D1: rate: | E1: 0.1278
A3: ファイル名 | B3: 単価 | C3: 数量 | D3: 価格(HKD) | E3: 価格(USD)
A4: IPAD iPad Wi-Fi 128GB(apple care込 apple店購入) | B4: 2800 | C4: 3 | D4: =B4*C4 -> 8400 | E4: =ROUNDUP(D4*$E$1,1) -> 1073.6
A5: MacBook Neo(apple care込 apple店購入) | B5: 6600 | C5: 1 | D5: =B5*C5 -> 6600 | E5: =ROUNDUP(D5*$E$1,1) -> 843.5
A6: POS機(HKT)参考価格、実費に基づく | B6: 1000 | C6: 1 | D6: =B6*C6 -> 1000 | E6: =ROUNDUP(D6*$E$1,1) -> 127.8
A8: MainT fujimak Ph ver 開発費(30日完了予定) | B8: 20000 | C8: 1 | D8: =B8*C8 -> 20000 | E8: =ROUNDUP(D8*$E$1,1) -> 2556
A10: POS月使用料(参考価格、実費に基づく) | B10: 100 | C10: 1 | D10: =B10*C10 -> 100 | E10: =ROUNDUP(D10*$E$1,1) -> 12.8
A11: メンテナンス料(1店舗=1アカウント) | B11: 100 | C11: 1 | D11: =B11*C11 -> 100 | E11: =ROUNDUP(D11*$E$1,1) -> 12.8
